https://www.zomato.com/bangalore/1131-bar-kitchen-indiranagar-bangalore?zrp_bid=156226&zrp_pid=14&zrp_cid=277120&context=eyJjIjp7ImUiOlsxODU4MDIwMiwiMTgwMjIyNjkiLCIxODU4NjIwNyIsIjE4NzA0Nzk1IiwiMTg3Njc4OTciLCI1NTQ1MyIsNTA2MzMsIjE4NDMxMDQxIiw1MDMwNiwxODM1MzEyMSwiMTg0MzA3ODUiXSwidCI6IkJlbmdhbHVydSYjMDM5O3MgRmluZXN0ICJ9fQ==,1131 Bar + Kitchen
https://www.zomato.com/bangalore/stoner-koramangala-5th-block?zrp_bid=221800&zrp_pid=14&zrp_cid=317643&context=eyJjIjp7ImUiOlsiMTg1ODAyMDIiLDE4MDIyMjY5LCIxODU4NjIwNyIsIjE4NzA0Nzk1IiwiMTg3Njc4OTciLCI1NTQ1MyIsNTA2MzMsIjE4NDMxMDQxIiw1MDMwNiwxODM1MzEyMSwiMTg0MzA3ODUiLCIxODMyMzEyNiJdLCJ0IjoiQmVuZ2FsdXJ1JiMwMzk7cyBGaW5lc3QgIn19,Stoner
https://www.zomato.com/bangalore/the-terrace-at-gillys-redefined-koramangala-4th-block?zrp_bid=189350&zrp_pid=14&zrp_cid=296720&context=eyJjIjp7ImUiOlsiMTg1ODAyMDIiLCIxODAyMjI2OSIsMTg1ODYyMDcsIjE4NzA0Nzk1IiwiMTg3Njc4OTciLCI1NTQ1MyIsNTA2MzMsIjE4NDMxMDQxIiw1MDMwNiwxODM1MzEyMSwiMTg0MzA3ODUiLCIxODMyMzEyNiIsIjE4NzM5NjMyIl0sInQiOiJCZW5nYWx1cnUmIzAzOTtzIEZpbmVzdCAifX0=,The Terrace at Gilly's...
https://www.zomato.com/bangalore/output-bengaluru-marathahalli-bangalore?zrp_bid=199284&zrp_pid=14&zrp_cid=304033&context=eyJjIjp7ImUiOlsiMTg1ODAyMDIiLCIxODAyMjI2OSIsIjE4NTg2MjA3IiwxODcwNDc5NSwiMTg3Njc4OTciLCI1NTQ1MyIsNTA2MzMsIjE4NDMxMDQxIiw1MDMwNiwxODM1MzEyMSwiMTg0MzA3ODUiLCIxODMyMzEyNiIsIjE4NzM5NjMyIiwiMTg1Mzc4MTYiXSwidCI6IkJlbmdhbHVydSYjMDM5O3MgRmluZXN0ICJ9fQ==,Output Bengaluru
https://www.zomato.com/bangalore/sea-lions-bbq-grills-jayanagar-bangalore?zrp_bid=195692&zrp_pid=14&zrp_cid=301086&context=eyJjIjp7ImUiOlsiMTg1ODAyMDIiLCIxODAyMjI2OSIsIjE4NTg2MjA3IiwiMTg3MDQ3OTUiLDE4NzY3ODk3LCI1NTQ1MyIsNTA2MzMsIjE4NDMxMDQxIiw1MDMwNiwxODM1MzEyMSwiMTg0MzA3ODUiLCIxODMyMzEyNiIsIjE4NzM5NjMyIiwiMTg1Mzc4MTYiLCIxODc4MjI5OSJdLCJ0IjoiQmVuZ2FsdXJ1JiMwMzk7cyBGaW5lc3QgIn19,Sea Lions BBQ &amp; Grills
https://www.zomato.com/bangalore/chikkanna-tiffin-room-city-market?zrp_bid=0&zrp_pid=14&context=eyJjIjp7ImUiOlsiMTgwMjIyNjkiLCIxODU4NjIwNyIsIjE4NzA0Nzk1IiwiMTg3Njc4OTciLDU1NDUzLDUwNjMzLCIxODQzMTA0MSIsNTAzMDYsMTgzNTMxMjEsIjE4NDMwNzg1IiwiMTgzMjMxMjYiLCIxODczOTYzMiIsIjE4NTM3ODE2IiwiMTg3ODIyOTkiLDUzMjExXSwidCI6IkJlbmdhbHVydSYjMDM5O3MgRmluZXN0ICJ9fQ==,Chikkanna Tiffin Room
https://www.zomato.com/bangalore/restaurants/mainland-china?filterby_collection_id=274852&zrp_bid=0&zrp_pid=14,Mainland China
https://www.zomato.com/bangalore/bamboo-hut-nagarbhavi?zrp_bid=0&zrp_pid=14&context=eyJjIjp7ImUiOlsiMTg3MDQ3OTUiLCIxODc2Nzg5NyIsIjU1NDUzIiw1MDYzMywxODQzMTA0MSw1MDMwNiwxODM1MzEyMSwiMTg0MzA3ODUiLCIxODMyMzEyNiIsIjE4NzM5NjMyIiwiMTg1Mzc4MTYiLCIxODc4MjI5OSIsNTMyMTEsNTA3MjIsIjE4MzE3MzIwIl0sInQiOiJCZW5nYWx1cnUmIzAzOTtzIEZpbmVzdCAifX0=,Bamboo Hut
https://www.zomato.com/bangalore/restaurants/corner-house-ice-cream?filterby_collection_id=274852&zrp_bid=0&zrp_pid=14,Corner House Ice Cream
https://www.zomato.com/bangalore/restaurants/flechazo?filterby_collection_id=274852&zrp_bid=0&zrp_pid=14,Flechazo
https://www.zomato.com/bangalore/communiti-residency-road?zrp_bid=0&zrp_pid=14&context=eyJjIjp7ImUiOls1MDYzMywiMTg0MzEwNDEiLDUwMzA2LDE4MzUzMTIxLDE4NDMwNzg1LCIxODMyMzEyNiIsIjE4NzM5NjMyIiwiMTg1Mzc4MTYiLCIxODc4MjI5OSIsNTMyMTEsNTA3MjIsIjE4MzE3MzIwIiw1ODg4MiwiMTg0OTQwNjQiLDU2NjE4XSwidCI6IkJlbmdhbHVydSYjMDM5O3MgRmluZXN0ICJ9fQ==,Communiti
https://www.zomato.com/bangalore/fabelle-chocolate-boutique-itc-gardenia-richmond-road-bangalore?zrp_bid=0&zrp_pid=14&context=eyJjIjp7ImUiOlsiMTg0MzEwNDEiLDUwMzA2LDE4MzUzMTIxLCIxODQzMDc4NSIsMTgzMjMxMjYsIjE4NzM5NjMyIiwiMTg1Mzc4MTYiLCIxODc4MjI5OSIsNTMyMTEsNTA3MjIsIjE4MzE3MzIwIiw1ODg4MiwiMTg0OTQwNjQiLDU2NjE4LCI1NDA5NyJdLCJ0IjoiQmVuZ2FsdXJ1JiMwMzk7cyBGaW5lc3QgIn19,Fabelle Chocolate Boutique...
https://www.zomato.com/bangalore/maziga-whitefield-bangalore?zrp_bid=0&zrp_pid=14&context=eyJjIjp7ImUiOls1MDMwNiwxODM1MzEyMSwiMTg0MzA3ODUiLCIxODMyMzEyNiIsMTg3Mzk2MzIsIjE4NTM3ODE2IiwiMTg3ODIyOTkiLDUzMjExLDUwNzIyLCIxODMxNzMyMCIsNTg4ODIsIjE4NDk0MDY0Iiw1NjYxOCwiNTQwOTciLCIxODY2OTI3MSJdLCJ0IjoiQmVuZ2FsdXJ1JiMwMzk7cyBGaW5lc3QgIn19,Maziga
https://www.zomato.com/bangalore/oki-1-kammanahalli?zrp_bid=0&zrp_pid=14&context=eyJjIjp7ImUiOlsxODM1MzEyMSwiMTg0MzA3ODUiLCIxODMyMzEyNiIsIjE4NzM5NjMyIiwxODUzNzgxNiwiMTg3ODIyOTkiLDUzMjExLDUwNzIyLCIxODMxNzMyMCIsNTg4ODIsIjE4NDk0MDY0Iiw1NjYxOCwiNTQwOTciLCIxODY2OTI3MSIsIjU2NTQyIl0sInQiOiJCZW5nYWx1cnUmIzAzOTtzIEZpbmVzdCAifX0=,OKI
https://www.zomato.com/bangalore/bitebox-marathahalli-bangalore?zrp_bid=0&zrp_pid=14&context=eyJjIjp7ImUiOlsiMTg0MzA3ODUiLCIxODMyMzEyNiIsIjE4NzM5NjMyIiwiMTg1Mzc4MTYiLDE4NzgyMjk5LDUzMjExLDUwNzIyLCIxODMxNzMyMCIsNTg4ODIsIjE4NDk0MDY0Iiw1NjYxOCwiNTQwOTciLCIxODY2OTI3MSIsIjU2NTQyIiwxODYxMjM0OF0sInQiOiJCZW5nYWx1cnUmIzAzOTtzIEZpbmVzdCAifX0=,BITEBOX
https://www.zomato.com/bangalore/restaurants/chianti?filterby_collection_id=274852&zrp_bid=0&zrp_pid=14,Chianti
https://www.zomato.com/bangalore/restaurants/natural-ice-cream?filterby_collection_id=274852&zrp_bid=0&zrp_pid=14,Natural Ice Cream
https://www.zomato.com/bangalore/here-now-hsr?zrp_bid=0&zrp_pid=14&context=eyJjIjp7ImUiOlsiMTg1Mzc4MTYiLCIxODc4MjI5OSIsNTMyMTEsNTA3MjIsMTgzMTczMjAsNTg4ODIsIjE4NDk0MDY0Iiw1NjYxOCwiNTQwOTciLCIxODY2OTI3MSIsIjU2NTQyIiwxODYxMjM0OCw1MDA2NiwiMTgyODc0MzMiLCIxODYwODk5MiJdLCJ0IjoiQmVuZ2FsdXJ1JiMwMzk7cyBGaW5lc3QgIn19,Here &amp; Now
https://www.zomato.com/bangalore/restaurants/byg-brewski-brewing-company?filterby_collection_id=274852&zrp_bid=0&zrp_pid=14,Byg Brewski Brewing Company
https://www.zomato.com/bangalore/misu-st-marks-road?zrp_bid=0&zrp_pid=14&context=eyJjIjp7ImUiOls1MzIxMSw1MDcyMiwiMTgzMTczMjAiLDU4ODgyLDE4NDk0MDY0LDU2NjE4LCI1NDA5NyIsIjE4NjY5MjcxIiwiNTY1NDIiLDE4NjEyMzQ4LDUwMDY2LCIxODI4NzQzMyIsIjE4NjA4OTkyIiwiMTg1ODEwODkiLCIxODUyNjI3OSJdLCJ0IjoiQmVuZ2FsdXJ1JiMwMzk7cyBGaW5lc3QgIn19,MISU
https://www.zomato.com/bangalore/restaurants/abs-absolute-barbecues?filterby_collection_id=274852&zrp_bid=0&zrp_pid=14,AB's - Absolute Barbecues
https://www.zomato.com/ArborBrewIndia?zrp_bid=0&zrp_pid=14&context=eyJjIjp7ImUiOlsiMTgzMTczMjAiLDU4ODgyLCIxODQ5NDA2NCIsNTY2MTgsNTQwOTcsIjE4NjY5MjcxIiwiNTY1NDIiLDE4NjEyMzQ4LDUwMDY2LCIxODI4NzQzMyIsIjE4NjA4OTkyIiwiMTg1ODEwODkiLCIxODUyNjI3OSIsIjE4NzkxNDYyIiwiNTQxNjUiXSwidCI6IkJlbmdhbHVydSYjMDM5O3MgRmluZXN0ICJ9fQ==,Arbor Brewing Company
https://www.zomato.com/bangalore/zamindar-kalyan-nagar-bangalore?zrp_bid=0&zrp_pid=14&context=eyJjIjp7ImUiOls1ODg4MiwiMTg0OTQwNjQiLDU2NjE4LCI1NDA5NyIsMTg2NjkyNzEsIjU2NTQyIiwxODYxMjM0OCw1MDA2NiwiMTgyODc0MzMiLCIxODYwODk5MiIsIjE4NTgxMDg5IiwiMTg1MjYyNzkiLCIxODc5MTQ2MiIsIjU0MTY1IiwiMTg2MTAzODMiXSwidCI6IkJlbmdhbHVydSYjMDM5O3MgRmluZXN0ICJ9fQ==,Zamindar
https://www.zomato.com/bangalore/dyu-art-cafe-koramangala-5th-block?zrp_bid=0&zrp_pid=14&context=eyJjIjp7ImUiOlsiMTg0OTQwNjQiLDU2NjE4LCI1NDA5NyIsIjE4NjY5MjcxIiw1NjU0MiwxODYxMjM0OCw1MDA2NiwiMTgyODc0MzMiLCIxODYwODk5MiIsIjE4NTgxMDg5IiwiMTg1MjYyNzkiLCIxODc5MTQ2MiIsIjU0MTY1IiwiMTg2MTAzODMiLDE4MzQ2MzY1XSwidCI6IkJlbmdhbHVydSYjMDM5O3MgRmluZXN0ICJ9fQ==,Dyu Art Cafe
https://www.zomato.com/bangalore/restaurants/xo-belgian-waffle?filterby_collection_id=274852&zrp_bid=0&zrp_pid=14,XO Belgian Waffle
https://www.zomato.com/bangalore/restaurants/barbeque-nation?filterby_collection_id=274852&zrp_bid=0&zrp_pid=14,Barbeque Nation
https://www.zomato.com/bangalore/the-permit-room-brigade-road-bangalore?zrp_bid=0&zrp_pid=14&context=eyJjIjp7ImUiOlsiMTg2NjkyNzEiLCI1NjU0MiIsMTg2MTIzNDgsNTAwNjYsMTgyODc0MzMsIjE4NjA4OTkyIiwiMTg1ODEwODkiLCIxODUyNjI3OSIsIjE4NzkxNDYyIiwiNTQxNjUiLCIxODYxMDM4MyIsMTgzNDYzNjUsNTMxMjUsMTg1NDgyOTMsIjE4NTM0Mzk2Il0sInQiOiJCZW5nYWx1cnUmIzAzOTtzIEZpbmVzdCAifX0=,The Permit Room
https://www.zomato.com/bangalore/chinita-real-mexican-food-koramangala-5th-block?zrp_bid=0&zrp_pid=14&context=eyJjIjp7ImUiOlsiNTY1NDIiLDE4NjEyMzQ4LDUwMDY2LCIxODI4NzQzMyIsMTg2MDg5OTIsIjE4NTgxMDg5IiwiMTg1MjYyNzkiLCIxODc5MTQ2MiIsIjU0MTY1IiwiMTg2MTAzODMiLDE4MzQ2MzY1LDUzMTI1LDE4NTQ4MjkzLCIxODUzNDM5NiIsIjU1NDE5Il0sInQiOiJCZW5nYWx1cnUmIzAzOTtzIEZpbmVzdCAifX0=,Chinita Real Mexican Food
https://www.zomato.com/bangalore/punjab-grill-malleshwaram?zrp_bid=0&zrp_pid=14&context=eyJjIjp7ImUiOlsxODYxMjM0OCw1MDA2NiwiMTgyODc0MzMiLCIxODYwODk5MiIsMTg1ODEwODksIjE4NTI2Mjc5IiwiMTg3OTE0NjIiLCI1NDE2NSIsIjE4NjEwMzgzIiwxODM0NjM2NSw1MzEyNSwxODU0ODI5MywiMTg1MzQzOTYiLCI1NTQxOSIsIjUyMDAyIl0sInQiOiJCZW5nYWx1cnUmIzAzOTtzIEZpbmVzdCAifX0=,Punjab Grill
https://www.zomato.com/bangalore/the-globe-grub-marathahalli?zrp_bid=0&zrp_pid=14&context=eyJjIjp7ImUiOls1MDA2NiwiMTgyODc0MzMiLCIxODYwODk5MiIsIjE4NTgxMDg5IiwxODUyNjI3OSwiMTg3OTE0NjIiLCI1NDE2NSIsIjE4NjEwMzgzIiwxODM0NjM2NSw1MzEyNSwxODU0ODI5MywiMTg1MzQzOTYiLCI1NTQxOSIsIjUyMDAyIiwiMTg2NDgwMzkiXSwidCI6IkJlbmdhbHVydSYjMDM5O3MgRmluZXN0ICJ9fQ==,The Globe Grub
https://www.zomato.com/bangalore/enchanted-garden-whitefield-bangalore?zrp_bid=0&zrp_pid=14&context=eyJjIjp7ImUiOlsiMTgyODc0MzMiLCIxODYwODk5MiIsIjE4NTgxMDg5IiwiMTg1MjYyNzkiLDE4NzkxNDYyLCI1NDE2NSIsIjE4NjEwMzgzIiwxODM0NjM2NSw1MzEyNSwxODU0ODI5MywiMTg1MzQzOTYiLCI1NTQxOSIsIjUyMDAyIiwiMTg2NDgwMzkiLCIxODUyMzExOCJdLCJ0IjoiQmVuZ2FsdXJ1JiMwMzk7cyBGaW5lc3QgIn19,Enchanted Garden
https://www.zomato.com/bangalore/deja-vu-resto-bar-bannerghatta-road?zrp_bid=0&zrp_pid=14&context=eyJjIjp7ImUiOlsiMTg2MDg5OTIiLCIxODU4MTA4OSIsIjE4NTI2Mjc5IiwiMTg3OTE0NjIiLDU0MTY1LCIxODYxMDM4MyIsMTgzNDYzNjUsNTMxMjUsMTg1NDgyOTMsIjE4NTM0Mzk2IiwiNTU0MTkiLCI1MjAwMiIsIjE4NjQ4MDM5IiwiMTg1MjMxMTgiLDU5ODQwXSwidCI6IkJlbmdhbHVydSYjMDM5O3MgRmluZXN0ICJ9fQ==,Deja Vu Resto Bar
https://www.zomato.com/bangalore/arogya-ahaara-hsr?zrp_bid=0&zrp_pid=14&context=eyJjIjp7ImUiOlsiMTg1ODEwODkiLCIxODUyNjI3OSIsIjE4NzkxNDYyIiwiNTQxNjUiLDE4NjEwMzgzLDE4MzQ2MzY1LDUzMTI1LDE4NTQ4MjkzLCIxODUzNDM5NiIsIjU1NDE5IiwiNTIwMDIiLCIxODY0ODAzOSIsIjE4NTIzMTE4Iiw1OTg0MCwiMTg2NzU0NTkiXSwidCI6IkJlbmdhbHVydSYjMDM5O3MgRmluZXN0ICJ9fQ==,Arogya Ahaara
https://www.zomato.com/bangalore/restaurants/galitos?filterby_collection_id=274852&zrp_bid=0&zrp_pid=14,Galito's
https://www.zomato.com/bangalore/restaurants/pasta-street?filterby_collection_id=274852&zrp_bid=0&zrp_pid=14,Pasta Street
https://www.zomato.com/bangalore/restaurants/eat-fit?filterby_collection_id=274852&zrp_bid=0&zrp_pid=14,eat.fit
https://www.zomato.com/bangalore/oota-bangalore-whitefield?zrp_bid=0&zrp_pid=14&context=eyJjIjp7ImUiOlsiMTg2MTAzODMiLDE4MzQ2MzY1LDUzMTI1LDE4NTQ4MjkzLDE4NTM0Mzk2LCI1NTQxOSIsIjUyMDAyIiwiMTg2NDgwMzkiLCIxODUyMzExOCIsNTk4NDAsIjE4Njc1NDU5Iiw1ODU3NiwiMTg0MjYzODEiLCIxODI2MDA2MyIsIjE4MjAyOTkxIl0sInQiOiJCZW5nYWx1cnUmIzAzOTtzIEZpbmVzdCAifX0=,Oota Bangalore
https://www.zomato.com/bangalore/yauatcha-mg-road?zrp_bid=0&zrp_pid=14&context=eyJjIjp7ImUiOlsxODM0NjM2NSw1MzEyNSwxODU0ODI5MywiMTg1MzQzOTYiLDU1NDE5LCI1MjAwMiIsIjE4NjQ4MDM5IiwiMTg1MjMxMTgiLDU5ODQwLCIxODY3NTQ1OSIsNTg1NzYsIjE4NDI2MzgxIiwiMTgyNjAwNjMiLCIxODIwMjk5MSIsIjYxNTc5Il0sInQiOiJCZW5nYWx1cnUmIzAzOTtzIEZpbmVzdCAifX0=,Yauatcha
https://www.zomato.com/bangalore/veena-stores-malleshwaram?zrp_bid=0&zrp_pid=14&context=eyJjIjp7ImUiOls1MzEyNSwxODU0ODI5MywiMTg1MzQzOTYiLCI1NTQxOSIsNTIwMDIsIjE4NjQ4MDM5IiwiMTg1MjMxMTgiLDU5ODQwLCIxODY3NTQ1OSIsNTg1NzYsIjE4NDI2MzgxIiwiMTgyNjAwNjMiLCIxODIwMjk5MSIsIjYxNTc5IiwiMTg1NzMwMzMiXSwidCI6IkJlbmdhbHVydSYjMDM5O3MgRmluZXN0ICJ9fQ==,Veena Stores
https://www.zomato.com/bangalore/the-rig-sarjapur-road?zrp_bid=0&zrp_pid=14&context=eyJjIjp7ImUiOlsxODU0ODI5MywiMTg1MzQzOTYiLCI1NTQxOSIsIjUyMDAyIiwxODY0ODAzOSwiMTg1MjMxMTgiLDU5ODQwLCIxODY3NTQ1OSIsNTg1NzYsIjE4NDI2MzgxIiwiMTgyNjAwNjMiLCIxODIwMjk5MSIsIjYxNTc5IiwiMTg1NzMwMzMiLCIxODY5NzA5MyJdLCJ0IjoiQmVuZ2FsdXJ1JiMwMzk7cyBGaW5lc3QgIn19,THE RIG
https://www.zomato.com/bangalore/caf%C3%A9-felix-1-mg-road?zrp_bid=0&zrp_pid=14&context=eyJjIjp7ImUiOlsiMTg1MzQzOTYiLCI1NTQxOSIsIjUyMDAyIiwiMTg2NDgwMzkiLDE4NTIzMTE4LDU5ODQwLCIxODY3NTQ1OSIsNTg1NzYsIjE4NDI2MzgxIiwiMTgyNjAwNjMiLCIxODIwMjk5MSIsIjYxNTc5IiwiMTg1NzMwMzMiLCIxODY5NzA5MyIsIjUwNDYyIl0sInQiOiJCZW5nYWx1cnUmIzAzOTtzIEZpbmVzdCAifX0=,Café Felix
https://www.zomato.com/bangalore/restaurants/onesta?filterby_collection_id=274852&zrp_bid=0&zrp_pid=14,Onesta
https://www.zomato.com/bangalore/shakes-theory-1-jayanagar-bangalore?zrp_bid=0&zrp_pid=14&context=eyJjIjp7ImUiOlsiNTIwMDIiLCIxODY0ODAzOSIsIjE4NTIzMTE4Iiw1OTg0MCwxODY3NTQ1OSw1ODU3NiwiMTg0MjYzODEiLCIxODI2MDA2MyIsIjE4MjAyOTkxIiwiNjE1NzkiLCIxODU3MzAzMyIsIjE4Njk3MDkzIiwiNTA0NjIiLCIxODYwMzgyMiIsIjU0MzA5Il0sInQiOiJCZW5nYWx1cnUmIzAzOTtzIEZpbmVzdCAifX0=,Shakes Theory
https://www.zomato.com/bangalore/restaurants/taaza-thindi?filterby_collection_id=274852&zrp_bid=0&zrp_pid=14,Taaza Thindi
https://www.zomato.com/bangalore/brewklyn-microbrewery-1-kalyan-nagar?zrp_bid=0&zrp_pid=14&context=eyJjIjp7ImUiOlsiMTg1MjMxMTgiLDU5ODQwLCIxODY3NTQ1OSIsNTg1NzYsMTg0MjYzODEsIjE4MjYwMDYzIiwiMTgyMDI5OTEiLCI2MTU3OSIsIjE4NTczMDMzIiwiMTg2OTcwOTMiLCI1MDQ2MiIsIjE4NjAzODIyIiwiNTQzMDkiLCIxODc3NTkzMCIsIjE4NzM0MDI1Il0sInQiOiJCZW5nYWx1cnUmIzAzOTtzIEZpbmVzdCAifX0=,Brewklyn Microbrewery
https://www.zomato.com/bangalore/toast-tonic-richmond-road-bangalore?zrp_bid=0&zrp_pid=14&context=eyJjIjp7ImUiOls1OTg0MCwiMTg2NzU0NTkiLDU4NTc2LCIxODQyNjM4MSIsMTgyNjAwNjMsIjE4MjAyOTkxIiwiNjE1NzkiLCIxODU3MzAzMyIsIjE4Njk3MDkzIiwiNTA0NjIiLCIxODYwMzgyMiIsIjU0MzA5IiwiMTg3NzU5MzAiLCIxODczNDAyNSIsIjU0NTAzIl0sInQiOiJCZW5nYWx1cnUmIzAzOTtzIEZpbmVzdCAifX0=,Toast &amp; Tonic
https://www.zomato.com/bangalore/3bs-buddies-bar-barbecues-marathahalli?zrp_bid=0&zrp_pid=14&context=eyJjIjp7ImUiOlsiMTg2NzU0NTkiLDU4NTc2LCIxODQyNjM4MSIsIjE4MjYwMDYzIiwxODIwMjk5MSwiNjE1NzkiLCIxODU3MzAzMyIsIjE4Njk3MDkzIiwiNTA0NjIiLCIxODYwMzgyMiIsIjU0MzA5IiwiMTg3NzU5MzAiLCIxODczNDAyNSIsIjU0NTAzIiwiMTg2Mjg4OTciXSwidCI6IkJlbmdhbHVydSYjMDM5O3MgRmluZXN0ICJ9fQ==,"3B's - Buddies, Bar &amp;..."
https://www.zomato.com/bangalore/lot-like-crepes-koramangala-7th-block?zrp_bid=0&zrp_pid=14&context=eyJjIjp7ImUiOls1ODU3NiwiMTg0MjYzODEiLCIxODI2MDA2MyIsIjE4MjAyOTkxIiw2MTU3OSwiMTg1NzMwMzMiLCIxODY5NzA5MyIsIjUwNDYyIiwiMTg2MDM4MjIiLCI1NDMwOSIsIjE4Nzc1OTMwIiwiMTg3MzQwMjUiLCI1NDUwMyIsIjE4NjI4ODk3IiwiMTg0MjM0NDAiXSwidCI6IkJlbmdhbHVydSYjMDM5O3MgRmluZXN0ICJ9fQ==,Lot Like Crepes
https://www.zomato.com/bangalore/nu-tree-sarjapur-road?zrp_bid=0&zrp_pid=14&context=eyJjIjp7ImUiOlsiMTg0MjYzODEiLCIxODI2MDA2MyIsIjE4MjAyOTkxIiwiNjE1NzkiLDE4NTczMDMzLCIxODY5NzA5MyIsIjUwNDYyIiwiMTg2MDM4MjIiLCI1NDMwOSIsIjE4Nzc1OTMwIiwiMTg3MzQwMjUiLCI1NDUwMyIsIjE4NjI4ODk3IiwiMTg0MjM0NDAiLCIxODM5ODM4NyJdLCJ0IjoiQmVuZ2FsdXJ1JiMwMzk7cyBGaW5lc3QgIn19,nu.tree
https://www.zomato.com/bangalore/street-mama-brigade-road-bangalore?zrp_bid=0&zrp_pid=14&context=eyJjIjp7ImUiOlsiMTgyNjAwNjMiLCIxODIwMjk5MSIsIjYxNTc5IiwiMTg1NzMwMzMiLDE4Njk3MDkzLCI1MDQ2MiIsIjE4NjAzODIyIiwiNTQzMDkiLCIxODc3NTkzMCIsIjE4NzM0MDI1IiwiNTQ1MDMiLCIxODYyODg5NyIsIjE4NDIzNDQwIiwiMTgzOTgzODciLCIxODU3ODc5OCJdLCJ0IjoiQmVuZ2FsdXJ1JiMwMzk7cyBGaW5lc3QgIn19,Street Mama
https://www.zomato.com/bangalore/hard-rock-cafe-st-marks-road?zrp_bid=0&zrp_pid=14&context=eyJjIjp7ImUiOlsiMTgyMDI5OTEiLCI2MTU3OSIsIjE4NTczMDMzIiwiMTg2OTcwOTMiLDUwNDYyLCIxODYwMzgyMiIsIjU0MzA5IiwiMTg3NzU5MzAiLCIxODczNDAyNSIsIjU0NTAzIiwiMTg2Mjg4OTciLCIxODQyMzQ0MCIsIjE4Mzk4Mzg3IiwiMTg1Nzg3OTgiLCI1MjIxOSJdLCJ0IjoiQmVuZ2FsdXJ1JiMwMzk7cyBGaW5lc3QgIn19,Hard Rock Cafe
https://www.zomato.com/bangalore/the-pizza-bakery-1-indiranagar?zrp_bid=0&zrp_pid=14&context=eyJjIjp7ImUiOlsiNjE1NzkiLCIxODU3MzAzMyIsIjE4Njk3MDkzIiwiNTA0NjIiLDE4NjAzODIyLCI1NDMwOSIsIjE4Nzc1OTMwIiwiMTg3MzQwMjUiLCI1NDUwMyIsIjE4NjI4ODk3IiwiMTg0MjM0NDAiLCIxODM5ODM4NyIsIjE4NTc4Nzk4IiwiNTIyMTkiLCI1NTA1MCJdLCJ0IjoiQmVuZ2FsdXJ1JiMwMzk7cyBGaW5lc3QgIn19,The Pizza Bakery
https://www.zomato.com/bangalore/sharon-tea-stall-thippasandra?zrp_bid=0&zrp_pid=14&context=eyJjIjp7ImUiOlsiMTg1NzMwMzMiLCIxODY5NzA5MyIsIjUwNDYyIiwiMTg2MDM4MjIiLDU0MzA5LCIxODc3NTkzMCIsIjE4NzM0MDI1IiwiNTQ1MDMiLCIxODYyODg5NyIsIjE4NDIzNDQwIiwiMTgzOTgzODciLCIxODU3ODc5OCIsIjUyMjE5IiwiNTUwNTAiLDE4Njg3Nzg4XSwidCI6IkJlbmdhbHVydSYjMDM5O3MgRmluZXN0ICJ9fQ==,Sharon Tea Stall
https://www.zomato.com/bangalore/box8-desi-meals-1-hsr-bangalore?zrp_bid=0&zrp_pid=14&context=eyJjIjp7ImUiOlsiMTg2OTcwOTMiLCI1MDQ2MiIsIjE4NjAzODIyIiwiNTQzMDkiLDE4Nzc1OTMwLCIxODczNDAyNSIsIjU0NTAzIiwiMTg2Mjg4OTciLCIxODQyMzQ0MCIsIjE4Mzk4Mzg3IiwiMTg1Nzg3OTgiLCI1MjIxOSIsIjU1MDUwIiwxODY4Nzc4OCwiMTgzNzQ1MTciXSwidCI6IkJlbmdhbHVydSYjMDM5O3MgRmluZXN0ICJ9fQ==,BOX8- Desi Meals
https://www.zomato.com/bangalore/trigereato-koramangala-8th-block-bangalore?zrp_bid=0&zrp_pid=14&context=eyJjIjp7ImUiOlsiNTA0NjIiLCIxODYwMzgyMiIsIjU0MzA5IiwiMTg3NzU5MzAiLDE4NzM0MDI1LCI1NDUwMyIsIjE4NjI4ODk3IiwiMTg0MjM0NDAiLCIxODM5ODM4NyIsIjE4NTc4Nzk4IiwiNTIyMTkiLCI1NTA1MCIsMTg2ODc3ODgsIjE4Mzc0NTE3IiwiMTg2ODU1MjkiXSwidCI6IkJlbmdhbHVydSYjMDM5O3MgRmluZXN0ICJ9fQ==,TRIGEREATO
https://www.zomato.com/bangalore/prost-brew-pub-koramangala-4th-block?zrp_bid=0&zrp_pid=14&context=eyJjIjp7ImUiOlsiMTg2MDM4MjIiLCI1NDMwOSIsIjE4Nzc1OTMwIiwiMTg3MzQwMjUiLDU0NTAzLCIxODYyODg5NyIsIjE4NDIzNDQwIiwiMTgzOTgzODciLCIxODU3ODc5OCIsIjUyMjE5IiwiNTUwNTAiLDE4Njg3Nzg4LCIxODM3NDUxNyIsIjE4Njg1NTI5IiwiNTIwOTgiXSwidCI6IkJlbmdhbHVydSYjMDM5O3MgRmluZXN0ICJ9fQ==,Prost Brew Pub
https://www.zomato.com/bangalore/avista-cafe-pizzeria-hennur-bangalore?zrp_bid=0&zrp_pid=14&context=eyJjIjp7ImUiOlsiNTQzMDkiLCIxODc3NTkzMCIsIjE4NzM0MDI1IiwiNTQ1MDMiLDE4NjI4ODk3LCIxODQyMzQ0MCIsIjE4Mzk4Mzg3IiwiMTg1Nzg3OTgiLCI1MjIxOSIsIjU1MDUwIiwxODY4Nzc4OCwiMTgzNzQ1MTciLCIxODY4NTUyOSIsIjUyMDk4IiwiNTc4MzMiXSwidCI6IkJlbmdhbHVydSYjMDM5O3MgRmluZXN0ICJ9fQ==,Avista Cafe Pizzeria
https://www.zomato.com/bangalore/float-marathahalli?zrp_bid=0&zrp_pid=14&context=eyJjIjp7ImUiOlsiMTg3NzU5MzAiLCIxODczNDAyNSIsIjU0NTAzIiwiMTg2Mjg4OTciLDE4NDIzNDQwLCIxODM5ODM4NyIsIjE4NTc4Nzk4IiwiNTIyMTkiLCI1NTA1MCIsMTg2ODc3ODgsIjE4Mzc0NTE3IiwiMTg2ODU1MjkiLCI1MjA5OCIsIjU3ODMzIiwiMTg3MTIzOTQiXSwidCI6IkJlbmdhbHVydSYjMDM5O3MgRmluZXN0ICJ9fQ==,Float
https://www.zomato.com/bangalore/purplebasil-in-indiranagar-bangalore?zrp_bid=0&zrp_pid=14&context=eyJjIjp7ImUiOlsiMTg3MzQwMjUiLCI1NDUwMyIsIjE4NjI4ODk3IiwiMTg0MjM0NDAiLDE4Mzk4Mzg3LCIxODU3ODc5OCIsIjUyMjE5IiwiNTUwNTAiLDE4Njg3Nzg4LCIxODM3NDUxNyIsIjE4Njg1NTI5IiwiNTIwOTgiLCI1NzgzMyIsIjE4NzEyMzk0IiwiNTA0NzEiXSwidCI6IkJlbmdhbHVydSYjMDM5O3MgRmluZXN0ICJ9fQ==,PurpleBasil.in
https://www.zomato.com/bangalore/tbc-sky-lounge-hsr?zrp_bid=0&zrp_pid=14&context=eyJjIjp7ImUiOlsiNTQ1MDMiLCIxODYyODg5NyIsIjE4NDIzNDQwIiwiMTgzOTgzODciLDE4NTc4Nzk4LCI1MjIxOSIsIjU1MDUwIiwxODY4Nzc4OCwiMTgzNzQ1MTciLCIxODY4NTUyOSIsIjUyMDk4IiwiNTc4MzMiLCIxODcxMjM5NCIsIjUwNDcxIiwiMTgxNjAwOTMiXSwidCI6IkJlbmdhbHVydSYjMDM5O3MgRmluZXN0ICJ9fQ==,TBC Sky Lounge
https://www.zomato.com/bangalore/republic-of-noodles-lemon-tree-premier-ulsoor?zrp_bid=0&zrp_pid=14&context=eyJjIjp7ImUiOlsiMTg2Mjg4OTciLCIxODQyMzQ0MCIsIjE4Mzk4Mzg3IiwiMTg1Nzg3OTgiLDUyMjE5LCI1NTA1MCIsMTg2ODc3ODgsIjE4Mzc0NTE3IiwiMTg2ODU1MjkiLCI1MjA5OCIsIjU3ODMzIiwiMTg3MTIzOTQiLCI1MDQ3MSIsIjE4MTYwMDkzIiwiNTgzNDkiXSwidCI6IkJlbmdhbHVydSYjMDM5O3MgRmluZXN0ICJ9fQ==,Republic Of Noodles - Lemon...
https://www.zomato.com/bangalore/o-g-variar-sons-rajajinagar?zrp_bid=0&zrp_pid=14&context=eyJjIjp7ImUiOlsiMTg0MjM0NDAiLCIxODM5ODM4NyIsIjE4NTc4Nzk4IiwiNTIyMTkiLDU1MDUwLDE4Njg3Nzg4LCIxODM3NDUxNyIsIjE4Njg1NTI5IiwiNTIwOTgiLCI1NzgzMyIsIjE4NzEyMzk0IiwiNTA0NzEiLCIxODE2MDA5MyIsIjU4MzQ5IiwiMTg2MTQ5NTkiXSwidCI6IkJlbmdhbHVydSYjMDM5O3MgRmluZXN0ICJ9fQ==,O.G. Variar &amp; Sons
https://www.zomato.com/bangalore/restaurants/black-deer?filterby_collection_id=274852&zrp_bid=0&zrp_pid=14,Black Deer
https://www.zomato.com/bangalore/smoor-indiranagar?zrp_bid=0&zrp_pid=14&context=eyJjIjp7ImUiOlsiMTg1Nzg3OTgiLCI1MjIxOSIsIjU1MDUwIiwxODY4Nzc4OCwxODM3NDUxNywiMTg2ODU1MjkiLCI1MjA5OCIsIjU3ODMzIiwiMTg3MTIzOTQiLCI1MDQ3MSIsIjE4MTYwMDkzIiwiNTgzNDkiLCIxODYxNDk1OSIsIjE4NzMyNjY1IiwxODMyMzYzMF0sInQiOiJCZW5nYWx1cnUmIzAzOTtzIEZpbmVzdCAifX0=,Smoor
https://www.zomato.com/bangalore/the-asian-curry-house-malleshwaram-bangalore?zrp_bid=0&zrp_pid=14&context=eyJjIjp7ImUiOlsiNTIyMTkiLCI1NTA1MCIsMTg2ODc3ODgsIjE4Mzc0NTE3IiwxODY4NTUyOSwiNTIwOTgiLCI1NzgzMyIsIjE4NzEyMzk0IiwiNTA0NzEiLCIxODE2MDA5MyIsIjU4MzQ5IiwiMTg2MTQ5NTkiLCIxODczMjY2NSIsMTgzMjM2MzAsIjE4NjgzMjU3Il0sInQiOiJCZW5nYWx1cnUmIzAzOTtzIEZpbmVzdCAifX0=,The Asian Curry House
https://www.zomato.com/bangalore/brahmins-coffee-bar-basavanagudi?zrp_bid=0&zrp_pid=14&context=eyJjIjp7ImUiOlsiNTUwNTAiLDE4Njg3Nzg4LCIxODM3NDUxNyIsIjE4Njg1NTI5Iiw1MjA5OCwiNTc4MzMiLCIxODcxMjM5NCIsIjUwNDcxIiwiMTgxNjAwOTMiLCI1ODM0OSIsIjE4NjE0OTU5IiwiMTg3MzI2NjUiLDE4MzIzNjMwLCIxODY4MzI1NyIsNTQxNjJdLCJ0IjoiQmVuZ2FsdXJ1JiMwMzk7cyBGaW5lc3QgIn19,Brahmin's Coffee Bar
https://www.zomato.com/bangalore/big-pitcher-airport-road?zrp_bid=0&zrp_pid=14&context=eyJjIjp7ImUiOlsxODY4Nzc4OCwiMTgzNzQ1MTciLCIxODY4NTUyOSIsIjUyMDk4Iiw1NzgzMywiMTg3MTIzOTQiLCI1MDQ3MSIsIjE4MTYwMDkzIiwiNTgzNDkiLCIxODYxNDk1OSIsIjE4NzMyNjY1IiwxODMyMzYzMCwiMTg2ODMyNTciLDU0MTYyLCI2MDgwMyJdLCJ0IjoiQmVuZ2FsdXJ1JiMwMzk7cyBGaW5lc3QgIn19,Big Pitcher
https://www.zomato.com/bangalore/99-pancakes-1-koramangala-5th-block-bangalore?zrp_bid=0&zrp_pid=14&context=eyJjIjp7ImUiOlsiMTgzNzQ1MTciLCIxODY4NTUyOSIsIjUyMDk4IiwiNTc4MzMiLDE4NzEyMzk0LCI1MDQ3MSIsIjE4MTYwMDkzIiwiNTgzNDkiLCIxODYxNDk1OSIsIjE4NzMyNjY1IiwxODMyMzYzMCwiMTg2ODMyNTciLDU0MTYyLCI2MDgwMyIsIjUwNjYzIl0sInQiOiJCZW5nYWx1cnUmIzAzOTtzIEZpbmVzdCAifX0=,99 Pancakes
https://www.zomato.com/bangalore/empire-restaurant-shivajinagar?zrp_bid=0&zrp_pid=14&context=eyJjIjp7ImUiOlsiMTg2ODU1MjkiLCI1MjA5OCIsIjU3ODMzIiwiMTg3MTIzOTQiLDUwNDcxLCIxODE2MDA5MyIsIjU4MzQ5IiwiMTg2MTQ5NTkiLCIxODczMjY2NSIsMTgzMjM2MzAsIjE4NjgzMjU3Iiw1NDE2MiwiNjA4MDMiLCI1MDY2MyIsIjE4NTk0OTM3Il0sInQiOiJCZW5nYWx1cnUmIzAzOTtzIEZpbmVzdCAifX0=,Empire Restaurant
https://www.zomato.com/bangalore/once-upon-a-flame-hsr?zrp_bid=0&zrp_pid=14&context=eyJjIjp7ImUiOlsiNTIwOTgiLCI1NzgzMyIsIjE4NzEyMzk0IiwiNTA0NzEiLDE4MTYwMDkzLCI1ODM0OSIsIjE4NjE0OTU5IiwiMTg3MzI2NjUiLDE4MzIzNjMwLCIxODY4MzI1NyIsNTQxNjIsIjYwODAzIiwiNTA2NjMiLCIxODU5NDkzNyIsIjU0MTI3Il0sInQiOiJCZW5nYWx1cnUmIzAzOTtzIEZpbmVzdCAifX0=,Once Upon A Flame
https://www.zomato.com/bangalore/buff-buffet-buff-koramangala-5th-block?zrp_bid=0&zrp_pid=14&context=eyJjIjp7ImUiOlsiNTc4MzMiLCIxODcxMjM5NCIsIjUwNDcxIiwiMTgxNjAwOTMiLDU4MzQ5LCIxODYxNDk1OSIsIjE4NzMyNjY1IiwxODMyMzYzMCwiMTg2ODMyNTciLDU0MTYyLCI2MDgwMyIsIjUwNjYzIiwiMTg1OTQ5MzciLCI1NDEyNyIsMTgzMDg3NTZdLCJ0IjoiQmVuZ2FsdXJ1JiMwMzk7cyBGaW5lc3QgIn19,Buff Buffet Buff
https://www.zomato.com/bangalore/opus-club-1-sarjapur-road?zrp_bid=0&zrp_pid=14&context=eyJjIjp7ImUiOlsiMTg3MTIzOTQiLCI1MDQ3MSIsIjE4MTYwMDkzIiwiNTgzNDkiLDE4NjE0OTU5LCIxODczMjY2NSIsMTgzMjM2MzAsIjE4NjgzMjU3Iiw1NDE2MiwiNjA4MDMiLCI1MDY2MyIsIjE4NTk0OTM3IiwiNTQxMjciLDE4MzA4NzU2LCIxODYwMjg4MCJdLCJ0IjoiQmVuZ2FsdXJ1JiMwMzk7cyBGaW5lc3QgIn19,OPUS Club
https://www.zomato.com/bangalore/barbecue-by-punjab-grill-malleshwaram-bangalore?zrp_bid=0&zrp_pid=14&context=eyJjIjp7ImUiOlsiNTA0NzEiLCIxODE2MDA5MyIsIjU4MzQ5IiwiMTg2MTQ5NTkiLDE4NzMyNjY1LDE4MzIzNjMwLCIxODY4MzI1NyIsNTQxNjIsIjYwODAzIiwiNTA2NjMiLCIxODU5NDkzNyIsIjU0MTI3IiwxODMwODc1NiwiMTg2MDI4ODAiLCIxODMwNDc1NyJdLCJ0IjoiQmVuZ2FsdXJ1JiMwMzk7cyBGaW5lc3QgIn19,Barbecue by Punjab Grill
https://www.zomato.com/bangalore/restaurants/house-of-commons?filterby_collection_id=274852&zrp_bid=0&zrp_pid=14,House Of Commons
https://www.zomato.com/bangalore/punjab-bistro-koramangala-7th-block-bangalore?zrp_bid=0&zrp_pid=14&context=eyJjIjp7ImUiOlsiNTgzNDkiLCIxODYxNDk1OSIsIjE4NzMyNjY1IiwxODMyMzYzMCwxODY4MzI1Nyw1NDE2MiwiNjA4MDMiLCI1MDY2MyIsIjE4NTk0OTM3IiwiNTQxMjciLDE4MzA4NzU2LCIxODYwMjg4MCIsIjE4MzA0NzU3IiwiMTg1NDM1NDYiLCIxODcwMTc1NiJdLCJ0IjoiQmVuZ2FsdXJ1JiMwMzk7cyBGaW5lc3QgIn19,Punjab Bistro
https://www.zomato.com/bangalore/restaurants/the-black-pearl?filterby_collection_id=274852&zrp_bid=0&zrp_pid=14,The Black Pearl
https://www.zomato.com/bangalore/mudpipe-cafe-btm?zrp_bid=0&zrp_pid=14&context=eyJjIjp7ImUiOlsiMTg3MzI2NjUiLDE4MzIzNjMwLCIxODY4MzI1NyIsNTQxNjIsNjA4MDMsIjUwNjYzIiwiMTg1OTQ5MzciLCI1NDEyNyIsMTgzMDg3NTYsIjE4NjAyODgwIiwiMTgzMDQ3NTciLCIxODU0MzU0NiIsIjE4NzAxNzU2IiwiMTgyNzAxNjMiLCIxODQ5MjkxMCJdLCJ0IjoiQmVuZ2FsdXJ1JiMwMzk7cyBGaW5lc3QgIn19,Mudpipe Cafe
https://www.zomato.com/bangalore/mavalli-tiffin-room-mtr-basavanagudi?zrp_bid=0&zrp_pid=14&context=eyJjIjp7ImUiOlsxODMyMzYzMCwiMTg2ODMyNTciLDU0MTYyLCI2MDgwMyIsNTA2NjMsIjE4NTk0OTM3IiwiNTQxMjciLDE4MzA4NzU2LCIxODYwMjg4MCIsIjE4MzA0NzU3IiwiMTg1NDM1NDYiLCIxODcwMTc1NiIsIjE4MjcwMTYzIiwiMTg0OTI5MTAiLCIxODY2Mzg3MyJdLCJ0IjoiQmVuZ2FsdXJ1JiMwMzk7cyBGaW5lc3QgIn19,Mavalli Tiffin Room (MTR)
https://www.zomato.com/bangalore/big-wong-xl-koramangala-5th-block?zrp_bid=0&zrp_pid=14&context=eyJjIjp7ImUiOlsiMTg2ODMyNTciLDU0MTYyLCI2MDgwMyIsIjUwNjYzIiwxODU5NDkzNywiNTQxMjciLDE4MzA4NzU2LCIxODYwMjg4MCIsIjE4MzA0NzU3IiwiMTg1NDM1NDYiLCIxODcwMTc1NiIsIjE4MjcwMTYzIiwiMTg0OTI5MTAiLCIxODY2Mzg3MyIsNTEwMzhdLCJ0IjoiQmVuZ2FsdXJ1JiMwMzk7cyBGaW5lc3QgIn19,Big Wong XL
https://www.zomato.com/bangalore/fennys-lounge-and-kitchen-koramangala-7th-block?zrp_bid=0&zrp_pid=14&context=eyJjIjp7ImUiOls1NDE2MiwiNjA4MDMiLCI1MDY2MyIsIjE4NTk0OTM3Iiw1NDEyNywxODMwODc1NiwiMTg2MDI4ODAiLCIxODMwNDc1NyIsIjE4NTQzNTQ2IiwiMTg3MDE3NTYiLCIxODI3MDE2MyIsIjE4NDkyOTEwIiwiMTg2NjM4NzMiLDUxMDM4LCI1MDg1NyJdLCJ0IjoiQmVuZ2FsdXJ1JiMwMzk7cyBGaW5lc3QgIn19,Fenny's Lounge And Kitchen
https://www.zomato.com/bangalore/restaurants/hammered?filterby_collection_id=274852&zrp_bid=0&zrp_pid=14,Hammered
https://www.zomato.com/bangalore/drunkling-sizzlers-and-pub-koramangala-5th-block?zrp_bid=0&zrp_pid=14&context=eyJjIjp7ImUiOlsiNTA2NjMiLCIxODU5NDkzNyIsIjU0MTI3IiwxODMwODc1NiwxODYwMjg4MCwiMTgzMDQ3NTciLCIxODU0MzU0NiIsIjE4NzAxNzU2IiwiMTgyNzAxNjMiLCIxODQ5MjkxMCIsIjE4NjYzODczIiw1MTAzOCwiNTA4NTciLCIxODIwMjk4OSIsIjE4NTE0NTA5Il0sInQiOiJCZW5nYWx1cnUmIzAzOTtzIEZpbmVzdCAifX0=,Drunkling - Sizzlers and Pub
https://www.zomato.com/bangalore/toscano-koramangala-7th-block?zrp_bid=0&zrp_pid=14&context=eyJjIjp7ImUiOlsiMTg1OTQ5MzciLCI1NDEyNyIsMTgzMDg3NTYsIjE4NjAyODgwIiwxODMwNDc1NywiMTg1NDM1NDYiLCIxODcwMTc1NiIsIjE4MjcwMTYzIiwiMTg0OTI5MTAiLCIxODY2Mzg3MyIsNTEwMzgsIjUwODU3IiwiMTgyMDI5ODkiLCIxODUxNDUwOSIsIjE4NTAzNzY4Il0sInQiOiJCZW5nYWx1cnUmIzAzOTtzIEZpbmVzdCAifX0=,Toscano
https://www.zomato.com/bangalore/mugful-of-stories-kalyan-nagar?zrp_bid=0&zrp_pid=14&context=eyJjIjp7ImUiOlsiNTQxMjciLDE4MzA4NzU2LCIxODYwMjg4MCIsIjE4MzA0NzU3IiwxODU0MzU0NiwiMTg3MDE3NTYiLCIxODI3MDE2MyIsIjE4NDkyOTEwIiwiMTg2NjM4NzMiLDUxMDM4LCI1MDg1NyIsIjE4MjAyOTg5IiwiMTg1MTQ1MDkiLCIxODUwMzc2OCIsIjE4Mzg1NDQzIl0sInQiOiJCZW5nYWx1cnUmIzAzOTtzIEZpbmVzdCAifX0=,Mugful Of Stories
https://www.zomato.com/bangalore/the-blue-wagon-kitchen-jayanagar-bangalore?zrp_bid=0&zrp_pid=14&context=eyJjIjp7ImUiOlsxODMwODc1NiwiMTg2MDI4ODAiLCIxODMwNDc1NyIsIjE4NTQzNTQ2IiwxODcwMTc1NiwiMTgyNzAxNjMiLCIxODQ5MjkxMCIsIjE4NjYzODczIiw1MTAzOCwiNTA4NTciLCIxODIwMjk4OSIsIjE4NTE0NTA5IiwiMTg1MDM3NjgiLCIxODM4NTQ0MyIsIjU4ODE4Il0sInQiOiJCZW5nYWx1cnUmIzAzOTtzIEZpbmVzdCAifX0=,The Blue Wagon - Kitchen
https://www.zomato.com/bangalore/roots-koramangala-1st-block?zrp_bid=0&zrp_pid=14&context=eyJjIjp7ImUiOlsiMTg2MDI4ODAiLCIxODMwNDc1NyIsIjE4NTQzNTQ2IiwiMTg3MDE3NTYiLDE4MjcwMTYzLCIxODQ5MjkxMCIsIjE4NjYzODczIiw1MTAzOCwiNTA4NTciLCIxODIwMjk4OSIsIjE4NTE0NTA5IiwiMTg1MDM3NjgiLCIxODM4NTQ0MyIsIjU4ODE4IiwiNjA2NzMiXSwidCI6IkJlbmdhbHVydSYjMDM5O3MgRmluZXN0ICJ9fQ==,Roots
https://www.zomato.com/bangalore/red-rhino-whitefield?zrp_bid=0&zrp_pid=14&context=eyJjIjp7ImUiOlsiMTgzMDQ3NTciLCIxODU0MzU0NiIsIjE4NzAxNzU2IiwiMTgyNzAxNjMiLDE4NDkyOTEwLCIxODY2Mzg3MyIsNTEwMzgsIjUwODU3IiwiMTgyMDI5ODkiLCIxODUxNDUwOSIsIjE4NTAzNzY4IiwiMTgzODU0NDMiLCI1ODgxOCIsIjYwNjczIiwiMTgzNjY2NjQiXSwidCI6IkJlbmdhbHVydSYjMDM5O3MgRmluZXN0ICJ9fQ==,Red Rhino
https://www.zomato.com/bangalore/pin-me-down-btm-bangalore?zrp_bid=0&zrp_pid=14&context=eyJjIjp7ImUiOlsiMTg1NDM1NDYiLCIxODcwMTc1NiIsIjE4MjcwMTYzIiwiMTg0OTI5MTAiLDE4NjYzODczLDUxMDM4LCI1MDg1NyIsIjE4MjAyOTg5IiwiMTg1MTQ1MDkiLCIxODUwMzc2OCIsIjE4Mzg1NDQzIiwiNTg4MTgiLCI2MDY3MyIsIjE4MzY2NjY0IiwiMTgyMjQ2NTAiXSwidCI6IkJlbmdhbHVydSYjMDM5O3MgRmluZXN0ICJ9fQ==,Pin Me Down
https://www.zomato.com/bangalore/restaurants/truffles?filterby_collection_id=274852&zrp_bid=0&zrp_pid=14,Truffles
https://www.zomato.com/bangalore/rim-naam-the-oberoi-mg-road-bangalore?zrp_bid=0&zrp_pid=14&context=eyJjIjp7ImUiOlsiMTgyNzAxNjMiLCIxODQ5MjkxMCIsIjE4NjYzODczIiw1MTAzOCw1MDg1NywiMTgyMDI5ODkiLCIxODUxNDUwOSIsIjE4NTAzNzY4IiwiMTgzODU0NDMiLCI1ODgxOCIsIjYwNjczIiwiMTgzNjY2NjQiLCIxODIyNDY1MCIsIjUwNzQyIiwiMTg2NjM3OTQiXSwidCI6IkJlbmdhbHVydSYjMDM5O3MgRmluZXN0ICJ9fQ==,Rim Naam - The Oberoi
https://www.zomato.com/bangalore/sotally-tober-koramangala-4th-block?zrp_bid=0&zrp_pid=14&context=eyJjIjp7ImUiOlsiMTg0OTI5MTAiLCIxODY2Mzg3MyIsNTEwMzgsIjUwODU3IiwxODIwMjk4OSwiMTg1MTQ1MDkiLCIxODUwMzc2OCIsIjE4Mzg1NDQzIiwiNTg4MTgiLCI2MDY3MyIsIjE4MzY2NjY0IiwiMTgyMjQ2NTAiLCI1MDc0MiIsIjE4NjYzNzk0IiwiMTg1Mzc1ODUiXSwidCI6IkJlbmdhbHVydSYjMDM5O3MgRmluZXN0ICJ9fQ==,Sotally Tober
https://www.zomato.com/bangalore/mooch-marod-whitefield?zrp_bid=0&zrp_pid=14&context=eyJjIjp7ImUiOlsiMTg2NjM4NzMiLDUxMDM4LCI1MDg1NyIsIjE4MjAyOTg5IiwxODUxNDUwOSwiMTg1MDM3NjgiLCIxODM4NTQ0MyIsIjU4ODE4IiwiNjA2NzMiLCIxODM2NjY2NCIsIjE4MjI0NjUwIiwiNTA3NDIiLCIxODY2Mzc5NCIsIjE4NTM3NTg1Iiw1MzU5MF0sInQiOiJCZW5nYWx1cnUmIzAzOTtzIEZpbmVzdCAifX0=,Mooch Marod
https://www.zomato.com/bangalore/namma-sln-basavanagudi?zrp_bid=0&zrp_pid=14&context=eyJjIjp7ImUiOls1MTAzOCwiNTA4NTciLCIxODIwMjk4OSIsIjE4NTE0NTA5IiwxODUwMzc2OCwiMTgzODU0NDMiLCI1ODgxOCIsIjYwNjczIiwiMTgzNjY2NjQiLCIxODIyNDY1MCIsIjUwNzQyIiwiMTg2NjM3OTQiLCIxODUzNzU4NSIsNTM1OTAsIjE4NzI3OTA2Il0sInQiOiJCZW5nYWx1cnUmIzAzOTtzIEZpbmVzdCAifX0=,Namma SLN
https://www.zomato.com/koramangalasocial?zrp_bid=0&zrp_pid=14&context=eyJjIjp7ImUiOlsiNTA4NTciLCIxODIwMjk4OSIsIjE4NTE0NTA5IiwiMTg1MDM3NjgiLDE4Mzg1NDQzLCI1ODgxOCIsIjYwNjczIiwiMTgzNjY2NjQiLCIxODIyNDY1MCIsIjUwNzQyIiwiMTg2NjM3OTQiLCIxODUzNzU4NSIsNTM1OTAsIjE4NzI3OTA2IiwiMTg2ODI0MzMiXSwidCI6IkJlbmdhbHVydSYjMDM5O3MgRmluZXN0ICJ9fQ==,Koramangala Social
https://www.zomato.com/bangalore/belgyum-whitefield?zrp_bid=0&zrp_pid=14&context=eyJjIjp7ImUiOlsiMTgyMDI5ODkiLCIxODUxNDUwOSIsIjE4NTAzNzY4IiwiMTgzODU0NDMiLDU4ODE4LCI2MDY3MyIsIjE4MzY2NjY0IiwiMTgyMjQ2NTAiLCI1MDc0MiIsIjE4NjYzNzk0IiwiMTg1Mzc1ODUiLDUzNTkwLCIxODcyNzkwNiIsIjE4NjgyNDMzIiwiNTM4NzIiXSwidCI6IkJlbmdhbHVydSYjMDM5O3MgRmluZXN0ICJ9fQ==,BelgYum
https://www.zomato.com/bangalore/soda-bottle-opener-wala-lavelle-road-bangalore?zrp_bid=0&zrp_pid=14&context=eyJjIjp7ImUiOlsiMTg1MTQ1MDkiLCIxODUwMzc2OCIsIjE4Mzg1NDQzIiwiNTg4MTgiLDYwNjczLCIxODM2NjY2NCIsIjE4MjI0NjUwIiwiNTA3NDIiLCIxODY2Mzc5NCIsIjE4NTM3NTg1Iiw1MzU5MCwiMTg3Mjc5MDYiLCIxODY4MjQzMyIsIjUzODcyIiwiMTg2MjIyNjgiXSwidCI6IkJlbmdhbHVydSYjMDM5O3MgRmluZXN0ICJ9fQ==,Soda Bottle Opener Wala
https://www.zomato.com/bangalore/cloud-cafe-nagarbhavi?zrp_bid=0&zrp_pid=14&context=eyJjIjp7ImUiOlsiMTg1MDM3NjgiLCIxODM4NTQ0MyIsIjU4ODE4IiwiNjA2NzMiLDE4MzY2NjY0LCIxODIyNDY1MCIsIjUwNzQyIiwiMTg2NjM3OTQiLCIxODUzNzU4NSIsNTM1OTAsIjE4NzI3OTA2IiwiMTg2ODI0MzMiLCI1Mzg3MiIsIjE4NjIyMjY4Iiw1NDM5N10sInQiOiJCZW5nYWx1cnUmIzAzOTtzIEZpbmVzdCAifX0=,Cloud Cafe
https://www.zomato.com/bangalore/brik-oven-church-street?zrp_bid=0&zrp_pid=14&context=eyJjIjp7ImUiOlsiMTgzODU0NDMiLCI1ODgxOCIsIjYwNjczIiwiMTgzNjY2NjQiLDE4MjI0NjUwLCI1MDc0MiIsIjE4NjYzNzk0IiwiMTg1Mzc1ODUiLDUzNTkwLCIxODcyNzkwNiIsIjE4NjgyNDMzIiwiNTM4NzIiLCIxODYyMjI2OCIsNTQzOTcsIjUxNzA1Il0sInQiOiJCZW5nYWx1cnUmIzAzOTtzIEZpbmVzdCAifX0=,Brik Oven
https://www.zomato.com/bangalore/olive-bar-and-kitchen-richmond-road?zrp_bid=0&zrp_pid=14&context=eyJjIjp7ImUiOlsiNTg4MTgiLCI2MDY3MyIsIjE4MzY2NjY0IiwiMTgyMjQ2NTAiLDUwNzQyLCIxODY2Mzc5NCIsIjE4NTM3NTg1Iiw1MzU5MCwiMTg3Mjc5MDYiLCIxODY4MjQzMyIsIjUzODcyIiwiMTg2MjIyNjgiLDU0Mzk3LCI1MTcwNSIsIjE4NDM5NjM0Il0sInQiOiJCZW5nYWx1cnUmIzAzOTtzIEZpbmVzdCAifX0=,Olive Bar And Kitchen
https://www.zomato.com/bangalore/polar-bear-vijay-nagar-bangalore?zrp_bid=0&zrp_pid=14&context=eyJjIjp7ImUiOlsiNjA2NzMiLCIxODM2NjY2NCIsIjE4MjI0NjUwIiwiNTA3NDIiLDE4NjYzNzk0LCIxODUzNzU4NSIsNTM1OTAsIjE4NzI3OTA2IiwiMTg2ODI0MzMiLCI1Mzg3MiIsIjE4NjIyMjY4Iiw1NDM5NywiNTE3MDUiLCIxODQzOTYzNCIsIjE4NzcyNDk4Il0sInQiOiJCZW5nYWx1cnUmIzAzOTtzIEZpbmVzdCAifX0=,Polar Bear
https://www.zomato.com/bangalore/the-reservoire-koramangala-5th-block?zrp_bid=0&zrp_pid=14&context=eyJjIjp7ImUiOlsiMTgzNjY2NjQiLCIxODIyNDY1MCIsIjUwNzQyIiwiMTg2NjM3OTQiLDE4NTM3NTg1LDUzNTkwLCIxODcyNzkwNiIsIjE4NjgyNDMzIiwiNTM4NzIiLCIxODYyMjI2OCIsNTQzOTcsIjUxNzA1IiwiMTg0Mzk2MzQiLCIxODc3MjQ5OCIsMTg0Njg4NDNdLCJ0IjoiQmVuZ2FsdXJ1JiMwMzk7cyBGaW5lc3QgIn19,The Reservoire
https://www.zomato.com/bangalore/restaurants/chilis-american-grill-bar?filterby_collection_id=274852&zrp_bid=0&zrp_pid=14,Chili's American Grill &amp; Bar
https://www.zomato.com/bangalore/xoox-brewmill-koramangala-5th-block-bangalore?zrp_bid=0&zrp_pid=14&context=eyJjIjp7ImUiOlsiNTA3NDIiLCIxODY2Mzc5NCIsIjE4NTM3NTg1Iiw1MzU5MCwxODcyNzkwNiwiMTg2ODI0MzMiLCI1Mzg3MiIsIjE4NjIyMjY4Iiw1NDM5NywiNTE3MDUiLCIxODQzOTYzNCIsIjE4NzcyNDk4IiwxODQ2ODg0MywiMTg0MzI5ODUiLCI1MzU3OSJdLCJ0IjoiQmVuZ2FsdXJ1JiMwMzk7cyBGaW5lc3QgIn19,XOOX Brewmill
https://www.zomato.com/bangalore/bologna-indiranagar-bangalore?zrp_bid=0&zrp_pid=14&context=eyJjIjp7ImUiOlsiMTg2NjM3OTQiLCIxODUzNzU4NSIsNTM1OTAsIjE4NzI3OTA2IiwxODY4MjQzMywiNTM4NzIiLCIxODYyMjI2OCIsNTQzOTcsIjUxNzA1IiwiMTg0Mzk2MzQiLCIxODc3MjQ5OCIsMTg0Njg4NDMsIjE4NDMyOTg1IiwiNTM1NzkiLCIxODgwMjQ2MCJdLCJ0IjoiQmVuZ2FsdXJ1JiMwMzk7cyBGaW5lc3QgIn19,Bologna
https://www.zomato.com/bangalore/windmills-craftworks-whitefield?zrp_bid=0&zrp_pid=14&context=eyJjIjp7ImUiOlsiMTg1Mzc1ODUiLDUzNTkwLCIxODcyNzkwNiIsIjE4NjgyNDMzIiw1Mzg3MiwiMTg2MjIyNjgiLDU0Mzk3LCI1MTcwNSIsIjE4NDM5NjM0IiwiMTg3NzI0OTgiLDE4NDY4ODQzLCIxODQzMjk4NSIsIjUzNTc5IiwiMTg4MDI0NjAiLCIxODQ3OTE5OSJdLCJ0IjoiQmVuZ2FsdXJ1JiMwMzk7cyBGaW5lc3QgIn19,Windmills Craftworks
https://www.zomato.com/bangalore/market-table-koramangala-5th-block?zrp_bid=0&zrp_pid=14&context=eyJjIjp7ImUiOls1MzU5MCwiMTg3Mjc5MDYiLCIxODY4MjQzMyIsIjUzODcyIiwxODYyMjI2OCw1NDM5NywiNTE3MDUiLCIxODQzOTYzNCIsIjE4NzcyNDk4IiwxODQ2ODg0MywiMTg0MzI5ODUiLCI1MzU3OSIsIjE4ODAyNDYwIiwiMTg0NzkxOTkiLCIxODc5NTk1MSJdLCJ0IjoiQmVuZ2FsdXJ1JiMwMzk7cyBGaW5lc3QgIn19,Market Table
https://www.zomato.com/bangalore/restaurants/smoke-house-deli?filterby_collection_id=274852&zrp_bid=0&zrp_pid=14,Smoke House Deli
https://www.zomato.com/bangalore/toit-indiranagar?zrp_bid=0&zrp_pid=14&context=eyJjIjp7ImUiOlsiMTg2ODI0MzMiLCI1Mzg3MiIsIjE4NjIyMjY4Iiw1NDM5Nyw1MTcwNSwiMTg0Mzk2MzQiLCIxODc3MjQ5OCIsMTg0Njg4NDMsIjE4NDMyOTg1IiwiNTM1NzkiLCIxODgwMjQ2MCIsIjE4NDc5MTk5IiwiMTg3OTU5NTEiLCIxODU4NTczMyIsIjE4MzUzMTI3Il0sInQiOiJCZW5nYWx1cnUmIzAzOTtzIEZpbmVzdCAifX0=,Toit
https://www.zomato.com/bangalore/echoes-koramangala-koramangala-5th-block?zrp_bid=0&zrp_pid=14&context=eyJjIjp7ImUiOlsiNTM4NzIiLCIxODYyMjI2OCIsNTQzOTcsIjUxNzA1IiwxODQzOTYzNCwiMTg3NzI0OTgiLDE4NDY4ODQzLCIxODQzMjk4NSIsIjUzNTc5IiwiMTg4MDI0NjAiLCIxODQ3OTE5OSIsIjE4Nzk1OTUxIiwiMTg1ODU3MzMiLCIxODM1MzEyNyIsIjYxMTExIl0sInQiOiJCZW5nYWx1cnUmIzAzOTtzIEZpbmVzdCAifX0=,ECHOES Koramangala
https://www.zomato.com/bangalore/homms-marathahalli-bangalore?zrp_bid=0&zrp_pid=14&context=eyJjIjp7ImUiOlsiMTg2MjIyNjgiLDU0Mzk3LCI1MTcwNSIsIjE4NDM5NjM0IiwxODc3MjQ5OCwxODQ2ODg0MywiMTg0MzI5ODUiLCI1MzU3OSIsIjE4ODAyNDYwIiwiMTg0NzkxOTkiLCIxODc5NTk1MSIsIjE4NTg1NzMzIiwiMTgzNTMxMjciLCI2MTExMSIsIjE4NzQ0MzI2Il0sInQiOiJCZW5nYWx1cnUmIzAzOTtzIEZpbmVzdCAifX0=,HOMMS
https://www.zomato.com/bangalore/restaurants/apsara-ice-cream?filterby_collection_id=274852&zrp_bid=0&zrp_pid=14,Apsara Ice Cream
https://www.zomato.com/bangalore/dhaba-estd-1986-delhi-indiranagar-bangalore?zrp_bid=0&zrp_pid=14&context=eyJjIjp7ImUiOlsiNTE3MDUiLCIxODQzOTYzNCIsIjE4NzcyNDk4IiwxODQ2ODg0MywxODQzMjk4NSwiNTM1NzkiLCIxODgwMjQ2MCIsIjE4NDc5MTk5IiwiMTg3OTU5NTEiLCIxODU4NTczMyIsIjE4MzUzMTI3IiwiNjExMTEiLCIxODc0NDMyNiIsIjE4MzEzNTMxIiwiMTg2MjE4ODAiXSwidCI6IkJlbmdhbHVydSYjMDM5O3MgRmluZXN0ICJ9fQ==,Dhaba - Estd 1986 Delhi
https://www.zomato.com/bangalore/lavonne-indiranagar?zrp_bid=0&zrp_pid=14&context=eyJjIjp7ImUiOlsiMTg0Mzk2MzQiLCIxODc3MjQ5OCIsMTg0Njg4NDMsIjE4NDMyOTg1Iiw1MzU3OSwiMTg4MDI0NjAiLCIxODQ3OTE5OSIsIjE4Nzk1OTUxIiwiMTg1ODU3MzMiLCIxODM1MzEyNyIsIjYxMTExIiwiMTg3NDQzMjYiLCIxODMxMzUzMSIsIjE4NjIxODgwIiwiNTc3MzAiXSwidCI6IkJlbmdhbHVydSYjMDM5O3MgRmluZXN0ICJ9fQ==,Lavonne
https://www.zomato.com/bangalore/you-mee-whitefield-bangalore?zrp_bid=0&zrp_pid=14&context=eyJjIjp7ImUiOlsiMTg3NzI0OTgiLDE4NDY4ODQzLCIxODQzMjk4NSIsIjUzNTc5IiwxODgwMjQ2MCwiMTg0NzkxOTkiLCIxODc5NTk1MSIsIjE4NTg1NzMzIiwiMTgzNTMxMjciLCI2MTExMSIsIjE4NzQ0MzI2IiwiMTgzMTM1MzEiLCIxODYyMTg4MCIsIjU3NzMwIiwiNTA4NzkiXSwidCI6IkJlbmdhbHVydSYjMDM5O3MgRmluZXN0ICJ9fQ==,You Mee
https://www.zomato.com/bangalore/icebreakers-koramangala-6th-block?zrp_bid=0&zrp_pid=14&context=eyJjIjp7ImUiOlsxODQ2ODg0MywiMTg0MzI5ODUiLCI1MzU3OSIsIjE4ODAyNDYwIiwxODQ3OTE5OSwiMTg3OTU5NTEiLCIxODU4NTczMyIsIjE4MzUzMTI3IiwiNjExMTEiLCIxODc0NDMyNiIsIjE4MzEzNTMxIiwiMTg2MjE4ODAiLCI1NzczMCIsIjUwODc5IiwiMTgzOTY3ODIiXSwidCI6IkJlbmdhbHVydSYjMDM5O3MgRmluZXN0ICJ9fQ==,IceBreakers
https://www.zomato.com/bangalore/mahjong-room-welcomhotel-bengaluru-richmond-road-bangalore?zrp_bid=0&zrp_pid=14&context=eyJjIjp7ImUiOlsiMTg0MzI5ODUiLCI1MzU3OSIsIjE4ODAyNDYwIiwiMTg0NzkxOTkiLDE4Nzk1OTUxLCIxODU4NTczMyIsIjE4MzUzMTI3IiwiNjExMTEiLCIxODc0NDMyNiIsIjE4MzEzNTMxIiwiMTg2MjE4ODAiLCI1NzczMCIsIjUwODc5IiwiMTgzOTY3ODIiLCIxODYyNTQyMCJdLCJ0IjoiQmVuZ2FsdXJ1JiMwMzk7cyBGaW5lc3QgIn19,Mahjong Room - WelcomHotel...
https://www.zomato.com/bangalore/vapour-brewpub-and-diner-sarjapur-road?zrp_bid=0&zrp_pid=14&context=eyJjIjp7ImUiOlsiNTM1NzkiLCIxODgwMjQ2MCIsIjE4NDc5MTk5IiwiMTg3OTU5NTEiLDE4NTg1NzMzLCIxODM1MzEyNyIsIjYxMTExIiwiMTg3NDQzMjYiLCIxODMxMzUzMSIsIjE4NjIxODgwIiwiNTc3MzAiLCI1MDg3OSIsIjE4Mzk2NzgyIiwiMTg2MjU0MjAiLCI2MDc3MyJdLCJ0IjoiQmVuZ2FsdXJ1JiMwMzk7cyBGaW5lc3QgIn19,Vapour Brewpub and Diner
https://www.zomato.com/bangalore/delhi-highway-indiranagar?zrp_bid=0&zrp_pid=14&context=eyJjIjp7ImUiOlsiMTg4MDI0NjAiLCIxODQ3OTE5OSIsIjE4Nzk1OTUxIiwiMTg1ODU3MzMiLDE4MzUzMTI3LCI2MTExMSIsIjE4NzQ0MzI2IiwiMTgzMTM1MzEiLCIxODYyMTg4MCIsIjU3NzMwIiwiNTA4NzkiLCIxODM5Njc4MiIsIjE4NjI1NDIwIiwiNjA3NzMiLDU4NDEzXSwidCI6IkJlbmdhbHVydSYjMDM5O3MgRmluZXN0ICJ9fQ==,Delhi Highway
https://www.zomato.com/bangalore/milano-ice-cream-indiranagar?zrp_bid=0&zrp_pid=14&context=eyJjIjp7ImUiOlsiMTg0NzkxOTkiLCIxODc5NTk1MSIsIjE4NTg1NzMzIiwiMTgzNTMxMjciLDYxMTExLCIxODc0NDMyNiIsIjE4MzEzNTMxIiwiMTg2MjE4ODAiLCI1NzczMCIsIjUwODc5IiwiMTgzOTY3ODIiLCIxODYyNTQyMCIsIjYwNzczIiw1ODQxMywiNTgyNjgiXSwidCI6IkJlbmdhbHVydSYjMDM5O3MgRmluZXN0ICJ9fQ==,Milano Ice Cream
https://www.zomato.com/bangalore/the-old-fashioned-bar-koramangala-6th-block-bangalore?zrp_bid=0&zrp_pid=14&context=eyJjIjp7ImUiOlsiMTg3OTU5NTEiLCIxODU4NTczMyIsIjE4MzUzMTI3IiwiNjExMTEiLDE4NzQ0MzI2LCIxODMxMzUzMSIsIjE4NjIxODgwIiwiNTc3MzAiLCI1MDg3OSIsIjE4Mzk2NzgyIiwiMTg2MjU0MjAiLCI2MDc3MyIsNTg0MTMsIjU4MjY4IiwiMTg3ODM1MjciXSwidCI6IkJlbmdhbHVydSYjMDM5O3MgRmluZXN0ICJ9fQ==,The Old Fashioned Bar
https://www.zomato.com/bangalore/biergarten-whitefield?zrp_bid=0&zrp_pid=14&context=eyJjIjp7ImUiOlsiMTg1ODU3MzMiLCIxODM1MzEyNyIsIjYxMTExIiwiMTg3NDQzMjYiLDE4MzEzNTMxLCIxODYyMTg4MCIsIjU3NzMwIiwiNTA4NzkiLCIxODM5Njc4MiIsIjE4NjI1NDIwIiwiNjA3NzMiLDU4NDEzLCI1ODI2OCIsIjE4NzgzNTI3IiwiMTg3MzAzNDYiXSwidCI6IkJlbmdhbHVydSYjMDM5O3MgRmluZXN0ICJ9fQ==,Biergarten
https://www.zomato.com/bangalore/foxtrot-marathahalli-bangalore?zrp_bid=0&zrp_pid=14&context=eyJjIjp7ImUiOlsiMTgzNTMxMjciLCI2MTExMSIsIjE4NzQ0MzI2IiwiMTgzMTM1MzEiLDE4NjIxODgwLCI1NzczMCIsIjUwODc5IiwiMTgzOTY3ODIiLCIxODYyNTQyMCIsIjYwNzczIiw1ODQxMywiNTgyNjgiLCIxODc4MzUyNyIsIjE4NzMwMzQ2IiwiMTg2MTMzMTMiXSwidCI6IkJlbmdhbHVydSYjMDM5O3MgRmluZXN0ICJ9fQ==,Foxtrot
https://www.zomato.com/bangalore/caperberry-lavelle-road?zrp_bid=0&zrp_pid=14&context=eyJjIjp7ImUiOlsiNjExMTEiLCIxODc0NDMyNiIsIjE4MzEzNTMxIiwiMTg2MjE4ODAiLDU3NzMwLCI1MDg3OSIsIjE4Mzk2NzgyIiwiMTg2MjU0MjAiLCI2MDc3MyIsNTg0MTMsIjU4MjY4IiwiMTg3ODM1MjciLCIxODczMDM0NiIsIjE4NjEzMzEzIiwxODUxMjQwNl0sInQiOiJCZW5nYWx1cnUmIzAzOTtzIEZpbmVzdCAifX0=,Caperberry
https://www.zomato.com/bangalore/sea-rock-seshadripuram?zrp_bid=0&zrp_pid=14&context=eyJjIjp7ImUiOlsiMTg3NDQzMjYiLCIxODMxMzUzMSIsIjE4NjIxODgwIiwiNTc3MzAiLDUwODc5LCIxODM5Njc4MiIsIjE4NjI1NDIwIiwiNjA3NzMiLDU4NDEzLCI1ODI2OCIsIjE4NzgzNTI3IiwiMTg3MzAzNDYiLCIxODYxMzMxMyIsMTg1MTI0MDYsIjUyNDU5Il0sInQiOiJCZW5nYWx1cnUmIzAzOTtzIEZpbmVzdCAifX0=,Sea Rock
https://www.zomato.com/bangalore/jalsa-gold-marathahalli?zrp_bid=0&zrp_pid=14&context=eyJjIjp7ImUiOlsiMTgzMTM1MzEiLCIxODYyMTg4MCIsIjU3NzMwIiwiNTA4NzkiLDE4Mzk2NzgyLCIxODYyNTQyMCIsIjYwNzczIiw1ODQxMywiNTgyNjgiLCIxODc4MzUyNyIsIjE4NzMwMzQ2IiwiMTg2MTMzMTMiLDE4NTEyNDA2LCI1MjQ1OSIsIjU5ODY1Il0sInQiOiJCZW5nYWx1cnUmIzAzOTtzIEZpbmVzdCAifX0=,Jalsa Gold
https://www.zomato.com/bangalore/burma-burma-indiranagar-bangalore?zrp_bid=0&zrp_pid=14&context=eyJjIjp7ImUiOlsiMTg2MjE4ODAiLCI1NzczMCIsIjUwODc5IiwiMTgzOTY3ODIiLDE4NjI1NDIwLCI2MDc3MyIsNTg0MTMsIjU4MjY4IiwiMTg3ODM1MjciLCIxODczMDM0NiIsIjE4NjEzMzEzIiwxODUxMjQwNiwiNTI0NTkiLCI1OTg2NSIsIjE4Nzg1NDU4Il0sInQiOiJCZW5nYWx1cnUmIzAzOTtzIEZpbmVzdCAifX0=,Burma Burma
https://www.zomato.com/bangalore/siddiqu-kabab-center-richmond-road?zrp_bid=0&zrp_pid=14&context=eyJjIjp7ImUiOlsiNTc3MzAiLCI1MDg3OSIsIjE4Mzk2NzgyIiwiMTg2MjU0MjAiLDYwNzczLDU4NDEzLCI1ODI2OCIsIjE4NzgzNTI3IiwiMTg3MzAzNDYiLCIxODYxMzMxMyIsMTg1MTI0MDYsIjUyNDU5IiwiNTk4NjUiLCIxODc4NTQ1OCIsIjE4Nzg1NTMwIl0sInQiOiJCZW5nYWx1cnUmIzAzOTtzIEZpbmVzdCAifX0=,Siddiqu Kabab Center
https://www.zomato.com/bangalore/restaurants/gillys-restobar?filterby_collection_id=274852&zrp_bid=0&zrp_pid=14,Gilly's Restobar
https://www.zomato.com/bangalore/the-fatty-bao-asian-gastro-bar-indiranagar?zrp_bid=0&zrp_pid=14&context=eyJjIjp7ImUiOlsiMTgzOTY3ODIiLCIxODYyNTQyMCIsIjYwNzczIiw1ODQxMyw1ODI2OCwiMTg3ODM1MjciLCIxODczMDM0NiIsIjE4NjEzMzEzIiwxODUxMjQwNiwiNTI0NTkiLCI1OTg2NSIsIjE4Nzg1NDU4IiwiMTg3ODU1MzAiLDU3MzU1LCIxODgwMTM1MiJdLCJ0IjoiQmVuZ2FsdXJ1JiMwMzk7cyBGaW5lc3QgIn19,The Fatty Bao - Asian...
https://www.zomato.com/bangalore/hunger-camp-jp-nagar-bangalore?zrp_bid=0&zrp_pid=14&context=eyJjIjp7ImUiOlsiMTg2MjU0MjAiLCI2MDc3MyIsNTg0MTMsIjU4MjY4IiwxODc4MzUyNywiMTg3MzAzNDYiLCIxODYxMzMxMyIsMTg1MTI0MDYsIjUyNDU5IiwiNTk4NjUiLCIxODc4NTQ1OCIsIjE4Nzg1NTMwIiw1NzM1NSwiMTg4MDEzNTIiLCI1MDU2NSJdLCJ0IjoiQmVuZ2FsdXJ1JiMwMzk7cyBGaW5lc3QgIn19,Hunger Camp
https://www.zomato.com/bangalore/wiggly-wine-koramangala-5th-block-bangalore?zrp_bid=0&zrp_pid=14&context=eyJjIjp7ImUiOlsiNjA3NzMiLDU4NDEzLCI1ODI2OCIsIjE4NzgzNTI3IiwxODczMDM0NiwiMTg2MTMzMTMiLDE4NTEyNDA2LCI1MjQ1OSIsIjU5ODY1IiwiMTg3ODU0NTgiLCIxODc4NTUzMCIsNTczNTUsIjE4ODAxMzUyIiwiNTA1NjUiLCIxODI1NDU5NyJdLCJ0IjoiQmVuZ2FsdXJ1JiMwMzk7cyBGaW5lc3QgIn19,Wiggly Wine
https://www.zomato.com/bangalore/hvr-veg-seshadripuram-bangalore?zrp_bid=0&zrp_pid=14&context=eyJjIjp7ImUiOls1ODQxMywiNTgyNjgiLCIxODc4MzUyNyIsIjE4NzMwMzQ2IiwxODYxMzMxMywxODUxMjQwNiwiNTI0NTkiLCI1OTg2NSIsIjE4Nzg1NDU4IiwiMTg3ODU1MzAiLDU3MzU1LCIxODgwMTM1MiIsIjUwNTY1IiwiMTgyNTQ1OTciLCIxODM5MTAyMCJdLCJ0IjoiQmVuZ2FsdXJ1JiMwMzk7cyBGaW5lc3QgIn19,HVR Veg
https://www.zomato.com/bangalore/restaurants/belgian-waffle-factory?filterby_collection_id=274852&zrp_bid=0&zrp_pid=14,Belgian Waffle Factory
https://www.zomato.com/bangalore/ctr-malleshwaram-bangalore?zrp_bid=0&zrp_pid=14&context=eyJjIjp7ImUiOlsiMTg3ODM1MjciLCIxODczMDM0NiIsIjE4NjEzMzEzIiwxODUxMjQwNiw1MjQ1OSwiNTk4NjUiLCIxODc4NTQ1OCIsIjE4Nzg1NTMwIiw1NzM1NSwiMTg4MDEzNTIiLCI1MDU2NSIsIjE4MjU0NTk3IiwiMTgzOTEwMjAiLCI1NDA0NCIsIjE4NTgwMjAyIl0sInQiOiJCZW5nYWx1cnUmIzAzOTtzIEZpbmVzdCAifX0=,CTR
https://www.zomato.com/bangalore/chavadi-bannerghatta-road?zrp_bid=0&zrp_pid=14&context=eyJjIjp7ImUiOlsiMTg3MzAzNDYiLCIxODYxMzMxMyIsMTg1MTI0MDYsIjUyNDU5Iiw1OTg2NSwiMTg3ODU0NTgiLCIxODc4NTUzMCIsNTczNTUsIjE4ODAxMzUyIiwiNTA1NjUiLCIxODI1NDU5NyIsIjE4MzkxMDIwIiwiNTQwNDQiLCIxODU4MDIwMiIsIjE4MDIyMjY5Il0sInQiOiJCZW5nYWx1cnUmIzAzOTtzIEZpbmVzdCAifX0=,Chavadi
https://www.zomato.com/bangalore/suryawanshi-sarjapur-road-bangalore?zrp_bid=0&zrp_pid=14&context=eyJjIjp7ImUiOlsiMTg2MTMzMTMiLDE4NTEyNDA2LCI1MjQ1OSIsIjU5ODY1IiwxODc4NTQ1OCwiMTg3ODU1MzAiLDU3MzU1LCIxODgwMTM1MiIsIjUwNTY1IiwiMTgyNTQ1OTciLCIxODM5MTAyMCIsIjU0MDQ0IiwiMTg1ODAyMDIiLCIxODAyMjI2OSIsIjE4NTg2MjA3Il0sInQiOiJCZW5nYWx1cnUmIzAzOTtzIEZpbmVzdCAifX0=,Suryawanshi
https://www.zomato.com/bangalore/caf%C3%A9-kaffea-vijay-nagar-bangalore?zrp_bid=0&zrp_pid=14&context=eyJjIjp7ImUiOlsxODUxMjQwNiwiNTI0NTkiLCI1OTg2NSIsIjE4Nzg1NDU4IiwxODc4NTUzMCw1NzM1NSwiMTg4MDEzNTIiLCI1MDU2NSIsIjE4MjU0NTk3IiwiMTgzOTEwMjAiLCI1NDA0NCIsIjE4NTgwMjAyIiwiMTgwMjIyNjkiLCIxODU4NjIwNyIsIjE4NzA0Nzk1Il0sInQiOiJCZW5nYWx1cnUmIzAzOTtzIEZpbmVzdCAifX0=,Café Kaffea
https://www.zomato.com/bangalore/restaurants/the-boozy-griffin?filterby_collection_id=274852&zrp_bid=0&zrp_pid=14,The Boozy Griffin
https://www.zomato.com/bangalore/punjab-grill-whitefield-bangalore?zrp_bid=0&zrp_pid=14&context=eyJjIjp7ImUiOlsiNTk4NjUiLCIxODc4NTQ1OCIsIjE4Nzg1NTMwIiw1NzM1NSwxODgwMTM1MiwiNTA1NjUiLCIxODI1NDU5NyIsIjE4MzkxMDIwIiwiNTQwNDQiLCIxODU4MDIwMiIsIjE4MDIyMjY5IiwiMTg1ODYyMDciLCIxODcwNDc5NSIsIjE4NzY3ODk3IiwiNTU0NTMiXSwidCI6IkJlbmdhbHVydSYjMDM5O3MgRmluZXN0ICJ9fQ==,Punjab Grill
https://www.zomato.com/bangalore/karavalli-the-gateway-hotel-residency-road?zrp_bid=0&zrp_pid=14&context=eyJjIjp7ImUiOlsiMTg3ODU0NTgiLCIxODc4NTUzMCIsNTczNTUsIjE4ODAxMzUyIiw1MDU2NSwiMTgyNTQ1OTciLCIxODM5MTAyMCIsIjU0MDQ0IiwiMTg1ODAyMDIiLCIxODAyMjI2OSIsIjE4NTg2MjA3IiwiMTg3MDQ3OTUiLCIxODc2Nzg5NyIsIjU1NDUzIiw1MDYzM10sInQiOiJCZW5nYWx1cnUmIzAzOTtzIEZpbmVzdCAifX0=,Karavalli - The Gateway Hotel
https://www.zomato.com/bangalore/brew-and-barbeque-a-microbrewery-pub-marathahalli-bangalore?zrp_bid=0&zrp_pid=14&context=eyJjIjp7ImUiOlsiMTg3ODU1MzAiLDU3MzU1LCIxODgwMTM1MiIsIjUwNTY1IiwxODI1NDU5NywiMTgzOTEwMjAiLCI1NDA0NCIsIjE4NTgwMjAyIiwiMTgwMjIyNjkiLCIxODU4NjIwNyIsIjE4NzA0Nzk1IiwiMTg3Njc4OTciLCI1NTQ1MyIsNTA2MzMsIjE4NDMxMDQxIl0sInQiOiJCZW5nYWx1cnUmIzAzOTtzIEZpbmVzdCAifX0=,Brew and Barbeque - A...
https://www.zomato.com/bangalore/bloomsburys-global-kitchen-bakehouse-whitefield-bangalore?zrp_bid=0&zrp_pid=14&context=eyJjIjp7ImUiOls1NzM1NSwiMTg4MDEzNTIiLCI1MDU2NSIsIjE4MjU0NTk3IiwxODM5MTAyMCwiNTQwNDQiLCIxODU4MDIwMiIsIjE4MDIyMjY5IiwiMTg1ODYyMDciLCIxODcwNDc5NSIsIjE4NzY3ODk3IiwiNTU0NTMiLDUwNjMzLCIxODQzMTA0MSIsNTAzMDZdLCJ0IjoiQmVuZ2FsdXJ1JiMwMzk7cyBGaW5lc3QgIn19,Bloomsbury's Global Kitchen...
https://www.zomato.com/bangalore/the-hole-in-the-wall-cafe-koramangala-4th-block?zrp_bid=0&zrp_pid=14&context=eyJjIjp7ImUiOlsiMTg4MDEzNTIiLCI1MDU2NSIsIjE4MjU0NTk3IiwiMTgzOTEwMjAiLDU0MDQ0XSwidCI6IkJlbmdhbHVydSYjMDM5O3MgRmluZXN0ICJ9fQ==,The Hole in the Wall Cafe
